Date,Circulating,Staking,Others
2022-01-20,160233639.8,0,139766218
2022-01-21,160234709.7,0,139765148.1
2022-01-22,160235349.9,0,139764506.9
2022-01-23,160244411.2,0,139755445.6
2022-01-24,160246757.3,0,139753099.5
2022-01-25,159885285,0,140114571.8
2022-01-26,159955766.6,0,140044088.8
2022-01-27,160510293.6,0,139489458.4
2022-01-28,160748607.6,0,139251117.8
2022-01-29,160784115.3,0,139215609.9
2022-01-30,160978291.9,0,139021430
2022-01-31,161372729.2,0,138626990.7
2022-02-01,161438988.9,0,138560730.9
2022-02-02,161450333.3,0,138549386.5
2022-02-03,161476571.2,0,138523148.5
2022-02-04,161477244.1,0,138522474.6
2022-02-05,161479880.1,0,138519838.5
2022-02-06,161532152.7,0,138467565.8
2022-02-07,161473635.7,0,138526082.8
2022-02-08,161478114.4,0,138521603.6
2022-02-09,161499191.2,0,138500526.8
2022-02-10,161521486.3,0,138478231.5
2022-02-11,161741467.3,0,138258250.5
2022-02-12,161746059.4,0,138253658.4
2022-02-13,161881587.2,0,138118130.5
2022-02-14,161882609.9,0,138117107.8
2022-02-15,162347286.7,0,137652430.9
2022-02-16,162354907.4,0,137644810.3
2022-02-17,162357512.2,0,137642205.4
2022-02-18,162358992.1,0,137640723.5
2022-02-19,162365241.2,0,137634474.3
2022-02-20,162400263,0,137599452.5
2022-02-21,162406150.5,0,137593564.9
2022-02-22,162764084.8,0,137235630.7
2022-02-23,162771306.1,0,137228404.3
2022-02-24,162778247.3,0,137221463.1
2022-02-25,162883091.1,0,137116618.3
2022-02-26,162889450.1,0,137110259.3
2022-02-27,162891505.4,0,137108203.9
2022-02-28,162903407.2,0,137096301.5
2022-03-01,163283136.3,0,136716572.3
2022-03-02,163285249.5,0,136714457.1
2022-03-03,163312719.3,0,136686986.4
2022-03-04,163318980.1,0,136680725.5
2022-03-05,163327261.9,0,136672443.6
2022-03-06,163347106.9,0,136652598.7
2022-03-07,163455017.2,0,136544688.4
2022-03-08,163460676.7,0,136539028.8
2022-03-09,163529267.8,0,136470437.7
2022-03-10,163534630.6,0,136465074.9
2022-03-11,163597567,0,136402138.4
2022-03-12,163600837.8,0,136398867.6
2022-03-13,164199776.8,0,135799928.7
2022-03-14,164770533.8,0,135229171.6
2022-03-15,164867980.5,0,135131724.9
2022-03-16,164998411.6,0,135001293.8
2022-03-17,165019470.3,0,134980235.1
2022-03-18,165721404.3,0,134278301
2022-03-19,165759890.7,0,134239814.4
2022-03-20,165768685.4,0,134231019.8
2022-03-21,165770334,0,134229371.1
2022-03-22,165802203.3,0,134197501.8
2022-03-23,165892617.1,0,134107088
2022-03-24,165894672.5,0,134105032.5
2022-03-25,165291699.3,0,134708005.7
2022-03-26,165296595.4,0,134703109.6
2022-03-27,165300888.4,0,134698815.5
2022-03-28,165408994.8,0,134590709.1
2022-03-29,165641454,0,134358249.8
2022-03-30,165764014.1,0,134235689.7
2022-03-31,165799783.9,0,134199919.8
2022-04-01,165924598.4,0,134075105.1
2022-04-02,166137653.2,0,133862050.2
2022-04-03,166219878.8,0,133779823.5
2022-04-04,166421734.5,0,133577967.8
2022-04-05,166432667.3,0,133567034.9
2022-04-06,166447701.5,0,133552000.7
2022-04-07,166450814.4,0,133548887.7
2022-04-08,166593244.3,0,133406457.8
2022-04-09,166594609,0,133405093.1
2022-04-10,166605614.1,0,133394087.9
2022-04-11,166924223.5,0,133075478.5
2022-04-12,167005383.4,0,132993517.5
2022-04-13,167045454.3,0,132953446.6
2022-04-14,167101179.4,0,132897721.4
2022-04-15,167248187.4,0,132750713.4
2022-04-16,167253962.4,0,132744938.3
2022-04-17,167576337.2,0,132422563.4
2022-04-18,167578126,0,132420774.6
2022-04-19,167705673.9,0,132293226.7
2022-04-20,167712688.5,0,132286212
2022-04-21,167719218.1,0,132279682.3
2022-04-22,167695276.8,0,132303623.6
2022-04-23,167843904.6,0,132154995.7
2022-04-24,167852496.5,0,132146403.8
2022-04-25,167957903.4,0,132040996.9
2022-04-26,167970706.5,0,132028193.7
2022-04-27,168449791.8,0,131549108.3
2022-04-28,139204122.6,47094886.97,113708104.1
2022-04-29,105246304.9,163426729.2,31342293.06
2022-04-30,99108471.97,171777627.9,29285284.73
2022-05-01,96106825.82,175277459,28869235.26
2022-05-02,94175475.84,177325912,28834267.72
2022-05-03,92380714.45,179295381.3,28741695.36
2022-05-04,90073787.47,181850551.4,28575587.71
2022-05-05,88885670.09,183223756.2,28472635.74
2022-05-06,85911824.54,186332841,28419531.94
2022-05-07,85342214.69,187249495.3,28154623.01
2022-05-08,85072264.3,187366161.7,28390042.47
2022-05-09,83286528.86,189128328,28495747.12
2022-05-10,82946556.85,190401414.5,27644767.73
2022-05-11,82416690.83,190938691,27719492.75
2022-05-12,81512235.1,191661123.4,27983651.59
2022-05-13,80336488.11,192417267.7,28485389.73
2022-05-14,80217597.84,192599144.6,28504538.65
2022-05-15,79991509.15,192700599.7,28711307.64
2022-05-16,79735194.08,192957899.8,28792458.17
2022-05-17,79327681.85,193114387.6,29125617.99
2022-05-18,79055023.58,193513345.6,29081453.73
2022-05-19,78891791.94,193814263.1,29025903.35
2022-05-20,78723013.16,194028743.3,29062337.33
2022-05-21,78142106.82,194493596,29260526.29
2022-05-22,78218565.81,195092530.2,28667268.58
2022-05-23,77968564.26,195551562.6,28540373.1
2022-05-24,77945679.5,195648866,28548089.86
2022-05-25,75914217.29,197752089.9,28558463.34
2022-05-26,75694227.02,198157289.5,28455389.29
2022-05-27,75270926.93,198654109.7,28456611.26
2022-05-28,75036158.68,199108344.5,28326672.87
2022-05-29,74560959.99,199434181.7,28543384.28
2022-05-30,74324486.82,199630713.9,28680245.63
2022-05-31,74404039.37,199960901.2,28352640.78
2022-06-01,74185017.42,200211309.4,28403389.59
2022-06-02,73915620.49,200569328.6,28382127.34
2022-06-03,73872142.76,200725113,28366730.86
2022-06-04,73385411.12,201329891.9,28330818.63
2022-06-05,73316175.41,201492201.3,28305097.14
2022-06-06,73197403.29,201889935.9,28123052.07
2022-06-07,72894930.88,202708613.4,27688981.66
2022-06-08,73195385.7,203663313,26508572.37
2022-06-09,73034145.43,203572168.3,26835696.57
2022-06-10,72981514.73,203568836.3,26973794.84
2022-06-11,73220296.93,203696187.2,26704581.11
2022-06-12,73059103.42,203938835.3,26690476.21
2022-06-13,73201585.83,204071581.1,26504774.21
2022-06-14,72904353.37,204285928.1,26662404.64
2022-06-15,72436411.12,204723987.1,26759645.31
2022-06-16,72454468.95,205687496.3,25889774.57
2022-06-17,71792541.46,206436584.4,25862570.76
2022-06-18,71579044.43,206344015.8,26258164.86
2022-06-19,71401241.03,206575037.3,26264910.5
2022-06-20,71107209.56,206803649.9,26434638.26
2022-06-21,70975508.03,207024434.4,26442473.29
2022-06-22,70861661.69,207314079,26348810.07
2022-06-23,70777718.53,207505857.6,26323110.02
2022-06-24,70816603.37,207740306.9,26131909.97
2022-06-25,70790982.37,207928992.9,26050979.35
2022-06-26,70138342.06,208868049,25831912.8
2022-06-27,69970955.54,209208704.4,25748175.66
2022-06-28,69975371.34,209484341.3,25550253.23
2022-06-29,70066102.37,209663577,25355031.78
2022-06-30,69948723.74,210054204.6,25178698.87
2022-07-01,70390940.69,210360498.8,24504930.61
2022-07-02,70336547.06,210581138.9,24406036.56
2022-07-03,70219167.9,210859852,24341618.36
2022-07-04,70107085.55,211358315,24029979.84
2022-07-05,69829652.83,211807835,23947420.02
2022-07-06,67645793.59,213547530.2,24466326.37
2022-07-07,78000535.83,213629568.6,14111679.06
2022-07-08,77809144.84,213612693.4,14402085.36
2022-07-09,77782265.38,213809807.4,14321375.49
2022-07-10,77701179.38,214110829.1,14154006.04
2022-07-11,77654457.14,214231837.2,14169247.5
2022-07-12,77615538.23,214469337.3,14052521.35
2022-07-13,77524231.59,214596540.2,14121216.47
2022-07-14,77431955.57,214869897.8,14014877.78
2022-07-15,77444111.84,215280175.7,13674584.15
2022-07-16,76958678.84,215888291,13648815.63
2022-07-17,76486717.96,216374062.1,13702358.67
2022-07-18,76605560.84,216749591.6,13297511
2022-07-19,76514863.84,216485154.8,13727384.75
2022-07-20,76533878.8,215704941.7,14570717.63
2022-07-21,76524238.73,216361362.8,13998646.05
2022-07-22,76176842.85,216959625.3,13837342.9
2022-07-23,75900018.85,218564551.3,12591376.35
2022-07-24,75818514.87,218407200.7,12875399.56
2022-07-25,75369185.29,218813727.3,13044692.99
2022-07-26,75225412.92,218988902.2,13088032.34
2022-07-27,75256659.17,219275017.6,12867592.64
2022-07-28,74993931.6,219593714.2,12878976.15
2022-07-29,74953996.35,220165940.4,12428819.72
2022-07-30,75783866.65,220428666.3,11396173.7
2022-07-31,75973250.38,220670063.1,11032748.94
2022-08-01,75990557.6,220899756.3,10904847.28
2022-08-02,76086113.76,221115599.7,10682975.03
2022-08-03,76304177.23,221077335.1,10570528.72
2022-08-04,76063030.8,221330543.1,10647993.65
2022-08-05,76111845.51,221589187.7,10437453.09
2022-08-06,76164460.05,221569831.1,10478934.02
2022-08-07,76438274.31,221228415.6,10621274.05
2022-08-08,76335473.82,221066846.7,10982571.72
2022-08-09,76254521.07,220906320.9,11298789.11
2022-08-10,75995872.41,220913832.9,11639457.74
2022-08-11,75885413.17,220960858.6,11777634.59
2022-08-12,75458003.05,221789648.5,11465781.87
2022-08-13,75328344.04,222415505.1,11044326.31
2022-08-14,75293934.97,222362809.9,11206172.74
2022-08-15,75271598.38,222889039.2,10784416.21
2022-08-16,75277749.85,223082697.8,10659349.2
2022-08-17,75603528.26,222908242.5,10597554.43
2022-08-18,75708582.1,223177387,10320275.68
2022-08-19,75681200.91,223325483,10266911.86
2022-08-20,75876543.58,223871350.2,9600503.352
2022-08-21,75871538.99,223987572.5,9549272.579
2022-08-22,76004827.77,224444866.9,9070305.351
2022-08-23,76336208.8,224902988.9,8362939.342
2022-08-24,76456718.36,224909189.5,8303577.488
2022-08-25,76610133.19,225491596.3,7635100.856
2022-08-26,76534729.83,227783894.5,5544701.549
2022-08-27,76468813.24,227879708.8,5589546.721
2022-08-28,76293950.3,228389029.7,5337222.895
2022-08-29,76779705.83,228873485.3,4449146.717
2022-08-30,76652636.25,228975547,4563682.493
2022-08-31,76720699.67,229189520.9,4348996.893
2022-09-01,76747312.01,229480695.1,4105953.428
2022-09-02,76572972.93,229832494.1,4032803.226
2022-09-03,76474194.12,230358688.1,3665350.213
2022-09-04,76448969.15,230652422.3,3471577.192
2022-09-05,76710057.14,230653282.1,3299159.424
2022-09-06,76853864.31,231135496.5,2777448.513
2022-09-07,76696579.97,231189959.7,2932835.261
2022-09-08,76689152.04,230681667.1,3560259.321
2022-09-09,76695063.37,230724808.8,3571157.018
2022-09-10,76486566.97,230941474.3,3652522.285
2022-09-11,76086394.11,231205773.9,3855744.435
2022-09-12,76315659.5,230957320,3971853.208
2022-09-13,76403137.18,231154951.2,3768877.838
2022-09-14,76672153.71,231240672.4,3474098.262
2022-09-15,76480152.66,231449204.2,3569269.14
2022-09-16,76459363.85,231627527.6,3479086.182
2022-09-17,76410846.86,231790405.4,3432077.96
2022-09-18,76465671.57,231856098.7,3393692.431
2022-09-19,76540119.5,231611595.6,3646065.733
2022-09-20,76709409.19,231383702.9,3794015.956
2022-09-21,76549839.53,231913165.3,3506251.992
2022-09-22,76707273.12,232055251.1,3296261.191
2022-09-23,76575666.77,232359522.4,3220512.909
2022-09-24,76477991.88,232613908.6,3145921.472
2022-09-25,76470701.04,232686292.2,3140819.874
2022-09-26,76985079.43,233209227.1,2185616.755
2022-09-27,76944238.28,232874635.5,2635798.082
2022-09-28,77268771.14,232869443.3,2420767.005
2022-09-29,77239701.71,233038437.6,2340800.881
2022-09-30,77143309.92,233168496.2,2396660.288
2022-10-01,77118189.03,232851762.7,2813258.022
2022-10-02,77122274.72,232811572.6,2924102.772
2022-10-03,77012378.56,233028294.1,2877237.348
2022-10-04,77358830.41,232827454.9,2843329.216
2022-10-05,77212232.28,233046663.1,2875026.094
2022-10-06,77054040.34,233365415.7,2796597.193
2022-10-07,76790211.67,233646277.8,2846913.149
2022-10-08,77085455.21,233357066.7,2900838.773
2022-10-09,77061192.93,233514463.5,2879407.511
2022-10-10,76968097.58,233988275.6,2551251.282
2022-10-11,77186162.89,233275152,3165405.655
2022-10-12,77030484.75,233359509.1,3281898.301
2022-10-13,77158706.44,232965249.6,3644852.855
2022-10-14,77217168.42,233219581,3414197.624
2022-10-15,76876957.81,233620586,3420752.639
2022-10-16,76889627.82,233724477.7,3378935.606
2022-10-17,76853413.57,233899504.3,3314870.648
2022-10-18,76941672.66,234445193.4,2800011.381
2022-10-19,76900487.07,236655768.1,712804.3159
2022-10-20,76810774.13,236746246,816306.5901
2022-10-21,78417876.44,236785496.3,-755311.7555
2022-10-22,78127783.06,236996694.3,-601673.5318
2022-10-23,78101400.79,237095387.4,-591848.1774
2022-10-24,78550445.39,237827491.6,-1698263.281
2022-10-25,78902481.42,237700771.2,-1863617.81
2022-10-26,79130267.13,237945729.1,-2239444.296
2022-10-27,79636492.67,238052230.4,-2755250.817
2022-10-28,79233762.84,237908864.1,-2134412.639
2022-10-29,79199358.09,237868435.7,-1970050.943
2022-10-30,79095309.84,238086198,-2016417.557
2022-10-31,79462364.94,238068197.8,-2283337.652
2022-11-01,79099511.94,238644297.4,-2429235.216
2022-11-02,79018919.87,238893872,-2523476.197
2022-11-03,78919650.01,239128135.5,-2568941.316
2022-11-04,79165546.97,238706239.2,-2281242.249
2022-11-05,78371718.57,239030298.7,-1758907.92
2022-11-06,78315032.25,240461004.3,-3013833.442
2022-11-07,77440772.2,241525043.1,-3128868.321
2022-11-08,77639832.2,241607221.3,-3320581.095
2022-11-09,77657793.23,241737611.1,-3423765.695
2022-11-10,77730995.57,241308233.4,-2970669.298
2022-11-11,77128393.29,242213704.7,-3169224.054
2022-11-12,76637152.08,242883477.1,-3295277.67
2022-11-13,76275903.14,243316276,-3277258.796
2022-11-14,75871560.22,243822545.5,-3289631.417
2022-11-15,76088059.94,244503965.6,-4075838.982
2022-11-16,75594920.36,245297486,-4308872.649
2022-11-17,75554952.85,245450381.2,-4347059.617
2022-11-18,72798492.04,222336540.1,21605375.33
2022-11-19,73072131,222258345.2,21499571.52
2022-11-20,73075614.58,221972963.5,21856210.37
2022-11-21,73077688.93,222074137.6,21842361.01
2022-11-22,72961083.12,222183981.2,21916470.41
2022-11-23,72992866.53,222409936.7,21748256.38
2022-11-24,72831379.67,222476766,21939823.02
2022-11-25,72668600.8,222626478.2,22027629.61
2022-11-26,72721957.71,222623618.2,22051882.97
2022-11-27,72836571.92,222613686.8,22021941.32
2022-11-28,72683057.01,222991890.1,21879384.51
2022-11-29,72654405.11,222873952.2,22137681.18
2022-11-30,72611573.06,222436305.5,22700295.34
2022-12-01,72545848.34,222394597,22870014.99
2022-12-02,72507319.8,222447769.7,22930802.55
2022-12-03,72506421.14,220350709.7,25132756.49
2022-12-04,72484769.88,220504985.9,25075057.88
2022-12-05,72446530.03,220944661.2,24719025.52
2022-12-06,72212396.11,221678571.9,24352649.11
2022-12-07,71463691.41,221764688.4,25090166.07
2022-12-08,71184924.81,222201406.1,25006371.13
2022-12-09,71109499.09,222622023.9,24743759.18
2022-12-10,71053585.98,223051732,24444474.11
2022-12-11,70439956.39,223814224.8,24338545.64
2022-12-12,70247588.72,224140837.1,24293879.6
2022-12-13,70247759.76,224338065.7,24176442.58
2022-12-14,70323220.99,223990175.5,24518538.18
2022-12-15,70438994.44,226219186.8,22284537.54
2022-12-16,70326328.34,226270509.3,22408760.46
2022-12-17,70293400.18,226477879.2,22318924.39
2022-12-18,70312906.61,226570139.1,22257196.52
2022-12-19,70218252.19,226760925.6,22230239.32
2022-12-20,70231058.91,227012628.4,22152476.74
2022-12-21,70175030.64,227916943.7,21386394.61
2022-12-22,70167040.9,227964695.8,21428857.05
2022-12-23,70198460.26,227876735.8,21567652
2022-12-24,70302909.02,227748050.2,21674225.78
2022-12-25,70306393.61,227740101.2,21760879.94
2022-12-26,70132715.84,227890295.5,21866555.93
2022-12-27,70324259.38,227905691.3,21742604.78
2022-12-28,70347652.31,227900777.6,21806366.51
2022-12-29,70329169.9,228041694.2,21766142.93
2022-12-30,70313866.77,228210282.2,21695118.04
2022-12-31,70357486.77,228308437.4,21635564.78
2023-01-01,70398093.33,227895681.7,22090173.56
2023-01-02,70358133.44,227804329.9,22304034.31
2023-01-03,70337941.82,227930034.4,22281218.66
2023-01-04,70697902.76,227966581.1,21966918.83
2023-01-05,70747936.31,228123002.9,21842691.18
2023-01-06,70749559.82,228413178.9,21633389.34
2023-01-07,70891128.83,228025332.3,21962487.77
2023-01-08,70647311.25,228366007.3,21948584.35
2023-01-09,70624504.33,228477226,21942713.92
2023-01-10,70657713.7,229111740.1,21357563.27
2023-01-11,70740778.4,228502355.1,21966523.76
2023-01-12,70780987.82,228058705.7,22452448.14
2023-01-13,70644940.36,229409015,21320467.17
2023-01-14,70742141.52,229001699.7,21713084.68
2023-01-15,70690216.02,228413986,22434954.47
2023-01-16,70942113.4,228167570.5,22511802.07
2023-01-17,71059450.14,227874427.9,22769876.47
2023-01-18,70921834.67,227855837.1,23008296.18
2023-01-19,70818526.37,227969331.7,23080296.71
2023-01-20,70894883.96,228047047.8,23008462.97
2023-01-21,70982106.81,228184423.2,22866119.06
2023-01-22,70919427.92,228167003.4,23028411.2
2023-01-23,71050125.54,228225091.6,22922183.91
2023-01-24,70612190.18,229656031.2,22011460.6
2023-01-25,70551361.47,229293792.2,22516903.36
2023-01-26,70619794.22,229471271.1,22353332.51
2023-01-27,70675970.83,229523430.7,22327387.57
2023-01-28,70751808.09,229787892.8,22069453.69
2023-01-29,70875899.86,229826472.5,21989077.43
2023-01-30,70827290.49,229615798.1,22330654.47
2023-01-31,70833815.02,229059065.7,22963093.85
2023-02-01,70795457.28,229064906.9,23077802.96
2023-02-02,71252538.39,229007335.2,22760514.63
2023-02-03,71223567.44,228993517.5,22885593.63
2023-02-04,71152960.35,229046606,22985490.12
2023-02-05,71200955.51,229088066.5,22978444.65
2023-02-06,71131551.54,229299678.1,22918768.03
2023-02-07,71003397.35,229470014.9,22958803.57
2023-02-08,71121480.25,229473312.2,22919864.94
2023-02-09,71399409.72,229819122,22378479.82
2023-02-10,71366689.93,229877021.9,22435565.47
2023-02-11,71856701.4,230041360.2,21863717.14
2023-02-12,71791786.31,230249688.1,21802763.98
2023-02-13,71660946.28,230056668.7,22209442.35
2023-02-14,71751783.3,230033233,22224394.32
2023-02-15,72457744.52,229743793.2,21890408.58
2023-02-16,72463401.66,229898261.3,21812596.54
2023-02-17,71703028.68,230551270.3,22002558.01
2023-02-18,71780657.39,230343315.2,22215576.96
2023-02-19,71804842.73,230356943.2,22260457.1
2023-02-20,71716690.68,230396580.6,22391240.36
2023-02-21,71820539.52,230065800.2,22700547.93
2023-02-22,71634261.54,231098662.3,21936313.14
2023-02-23,71554302.34,231266468.5,21930897.31
2023-02-24,71802152.45,231313750.5,21718278.1
2023-02-25,71798208.92,231395919.2,21722374.68
2023-02-26,71682572.63,231554291.6,21762049.76
2023-02-27,71643539.76,231846924.6,21590896.93
2023-02-28,71674397.5,232006024.4,21483516.9
2023-03-01,71893525.57,232205342,21147435.81
2023-03-02,72002095.17,232242535.2,21084153.58
2023-03-03,72112530.81,232370907,20927810.57
2023-03-04,72325868.2,232398367.4,20769277.52
2023-03-05,72532299.6,232414074.3,20629388.85
2023-03-06,72566372.59,232537721.1,20554042.16
2023-03-07,72587599.81,232611917.2,20540827.48
2023-03-08,72709568.09,232638666.9,20474320.09
2023-03-09,72810902.19,232859854.9,20234244.4
2023-03-10,72711423.7,232965899.6,20309975.24
2023-03-11,72528675.32,233153839.6,20387182.44
2023-03-12,72413635.09,233393180.4,20345085.81
2023-03-13,72398596.66,233529540.5,20306105.91
2023-03-14,72560020.58,233326456.6,20427112.57
2023-03-15,72754629.82,232904657.5,20723092.2
2023-03-16,72777470.99,233019202.5,20610346.47
2023-03-17,72763600.15,233124553.3,20593528.46
2023-03-18,74239216.89,232654367.9,19671996.07
2023-03-19,72871666.61,232653992.2,21122927.31
2023-03-20,72916444.81,232883937.9,20931167.91
2023-03-21,72916020.12,232919908.9,20978711.53
2023-03-22,72854834.98,232966833.1,21076260.12
2023-03-23,73226922.36,233242490.5,20511586.19
2023-03-24,73076550.54,233416523.9,20570842.52
2023-03-25,73158254.27,233492860.7,20495917.52
2023-03-26,73182352.16,233485509.5,20562065.87
2023-03-27,73130055.86,233468797,20714001.11
2023-03-28,73225026.57,233380257.9,20790683.24
2023-03-29,72922593.38,233842845.4,20713520.88
2023-03-30,73193082.04,233656426,20713522.61
2023-03-31,73214884.94,233410397.8,21020965.28
2023-04-01,73760739.95,233351366.8,20617553.41
2023-04-02,73772038.43,233111072.3,20929995.9
2023-04-03,73697019.38,233205644.3,20993855.11
2023-04-04,73345225.26,233712776.9,20922166.5
2023-04-05,73422689.07,233711570.4,20929504.83
2023-04-06,73474971.54,233896721.2,20775620.65
2023-04-07,73296065.51,234064786.5,20870189.19
2023-04-08,73221420.15,234241836.5,20851056.05
2023-04-09,73210039.33,234347813.5,20839961.43
2023-04-10,73245644.4,234432440.6,20803214.68
2023-04-11,74817528.19,234860258.3,18887146.85
2023-04-12,74935237.66,234772963,18939968.1
2023-04-13,74684902.72,235179881.7,18866940.06
2023-04-14,74793910.55,235242794.9,18778984.52
2023-04-15,74788288.5,234914003.2,19195643.98
2023-04-16,74873242.2,234967020.6,19140107.88
2023-04-17,74956970.59,235015469.3,19090180.34
2023-04-18,75141549.37,234693559.6,19311080.27
2023-04-19,75437316.62,234720291.2,19070941.27
2023-04-20,75436677.95,234836876,19037371.13
2023-04-21,75429320.88,235058860.7,18905094.76
2023-04-22,75353445.97,235242654.9,18879662.69
2023-04-23,75327350.21,235563719.2,18666943.8
2023-04-24,74730522.6,235720928.4,19188746.09
2023-04-25,74639993.36,235848306.5,19234197.22
2023-04-26,74975182.92,235932930.2,18896662.98
2023-04-27,74910858.89,236214064.8,18762197.97
2023-04-28,74710672.12,236247197.9,19011741.7
2023-04-29,74762451.92,236349988.6,18939609.04
2023-04-30,74848673.68,236465082.6,18820543.72
2023-05-01,75130158.24,236398423.5,18687965.92
2023-05-02,74921324.23,236898641.4,18478913.43
2023-05-03,74997581.76,236997936.6,18386097.9
2023-05-04,75080918.87,236782761.8,18600460.82
2023-05-05,74946590.65,236688970.2,18910991.88
2023-05-06,75080954.91,236974496.9,18573347.59
2023-05-07,74996827.81,237108957,18605397.24
2023-05-08,75043379.92,237121281.8,18628709.12
2023-05-09,75342148.72,237549932.9,17983639.49
2023-05-10,75143732.23,236621524.1,19192660.11
2023-05-11,75188314.44,236644247.2,19207590.08
2023-05-12,75258312.72,237653898.3,18210390.84
2023-05-13,75258625.6,237926031.1,18020139.6
2023-05-14,75170987.67,238101325.6,18015147.14
2023-05-15,75188745.18,238085390.6,18096114.1
2023-05-16,75160642.65,238240480.7,18051664.19
2023-05-17,74868561.34,238714266.9,17952309.63
2023-05-18,74979057.82,238724261.2,17914207.16
2023-05-19,75050163.5,237786561,18863065.46
2023-05-20,75103417.61,237676624.2,19002113.7
2023-05-21,75093874.92,237637356.8,19133201.84
2023-05-22,74995532.32,237832726.1,19118491.27
2023-05-23,75055724.21,237412413.8,19560783.3
2023-05-24,74982538.73,237574449.8,19554287.88
2023-05-25,74637548.28,237995721.8,19560301.51
2023-05-26,74556722.63,238090792.5,19628229.96
2023-05-27,74454734.28,238277159.8,19626246.94
2023-05-28,74566019.85,238352265.9,19522261.73
2023-05-29,74557988.27,238441053.6,19523950.07
2023-05-30,74667794.02,238551960,19385601.53
2023-05-31,74786491.08,238639411,19262186.85
2023-06-01,75571914.91,239098350.6,18100164.31
2023-06-02,75594075.32,239208455,18050147.14
2023-06-03,75634002.28,239099228.1,18201613.96
2023-06-04,75617064.19,239192678.3,18207395.15
2023-06-05,75799866.17,239215484.3,18087882.03
2023-06-06,75363922.33,239482897.5,18338792.49
2023-06-07,75508271.96,239890077.4,17869636.11
2023-06-08,75664280.45,239801988.4,17883951.92
2023-06-09,75675820.32,239766414.1,17990163.7
2023-06-10,75624329.09,240069952.8,17820565.42
2023-06-11,75812288.41,239832310.2,17952876.64
2023-06-12,75800718.31,239922055.4,17957279.96
2023-06-13,76048730.51,239971912.2,17742109.25
2023-06-14,76068884.09,240161855.5,17614249.6
2023-06-15,76092185.55,240387401.2,17447609.15
2023-06-16,76049249.26,240044547.6,17915640.99
2023-06-17,76169185.48,240117814.9,17804671.8
2023-06-18,75602002.53,240683642.9,17888281.1
2023-06-19,75543543.95,240854859.7,17857751.52
2023-06-20,75586608.42,240324248.9,18427536.03
2023-06-21,75563433.35,240284409,18572737.82
2023-06-22,75533901.19,239555440.3,19413506.25
2023-06-23,75564535.38,239632950.7,19387834.68
2023-06-24,75424515.33,239855505.7,19387551.17
2023-06-25,75447374.94,239961055.8,19341509.82
2023-06-26,75608854.97,240026407,19196989.08
2023-06-27,75582350.2,239787490.2,19544785.65
2023-06-28,75868852.76,239837687.3,19290395.39
2023-06-29,75902892.29,239869429.3,19306989.88
2023-06-30,75939387.94,239884980.5,19337455
2023-07-01,75605187.87,240428592.4,19210288.9
2023-07-02,75480654.91,240251626.6,19594024.86
2023-07-03,75682693.42,240369573.9,19356603.27
2023-07-04,76415818.42,240450318.8,18624972.47
2023-07-05,76732584.37,240604463.3,18236241.24
2023-07-06,77149872.33,240427541.1,18078054.66
2023-07-07,77093154.45,239859777.3,18784719.38
2023-07-08,76845953.79,240103433.7,18870436.17
2023-07-09,76830720.18,240101735.3,18969576.91
2023-07-10,76846849.14,240203206.4,18934226.38
2023-07-11,76870284.75,240417993.6,18778281.67
2023-07-12,76962431.22,240486704.3,18699610.4
2023-07-13,77448211.09,240402585.6,18380383.18
2023-07-14,76835361.21,241147822.3,18330450.28
2023-07-15,76729441.52,241245428.5,18420935.41
2023-07-16,76774412.86,241282239.5,18421407.39
2023-07-17,76808829.15,241414254.9,18337136.82
2023-07-18,76799786.59,241487660.4,18354951.18
2023-07-19,76809834.04,241676752.4,18238123.1
2023-07-20,76728959.98,241757630.6,18320361.89
2023-07-21,76851306.5,241790035.7,18247775.2
2023-07-22,76799236.24,241926510.7,18245608.66
2023-07-23,76975401.89,241892127.8,18185992.75
2023-07-24,77025820.09,241866674,18243265.57
2023-07-25,77101592.57,241885636.8,18230695.23
2023-07-26,77145660.53,241884714.7,18270183.92
2023-07-27,77229476.31,241910221.5,18243319.11
2023-07-28,77285501.77,242028138.5,18151944.61
2023-07-29,77101352.65,242337701.1,18108913.85
2023-07-30,77104632.27,242436234.1,18089489.57
2023-07-31,77167558.47,242520768.6,18024433.33
2023-08-01,77205364.74,242513083.8,18076742.98
2023-08-02,77234000.51,242006106.2,18637263.09
2023-08-03,77297643.75,241960921.9,18701082.23
2023-08-04,77333429.66,241960850.9,18747653.95
2023-08-05,77546663.59,241939642.2,18637826.96
2023-08-06,77648874.85,241965500.5,18591960.35
2023-08-07,77653551.82,242105304.2,18529684.59
2023-08-08,77842909.83,242196998.6,18330832.27
2023-08-09,77860347.58,241963280.3,18629426.09
2023-08-10,77804937.78,242154179.3,18576411.7
2023-08-11,77331080.22,242732114.9,18554793.42
2023-08-12,77261734.72,242557524.2,18881062.76
2023-08-13,77329102.81,242573387.2,18880155.42
2023-08-14,77512172.19,242790136.2,18562603.71
2023-08-15,77786338.41,242888988.2,18271932.94
2023-08-16,78263912.19,242751148,18014409.91
2023-08-17,78366772.72,242708300.8,18036573.94
2023-08-18,78081962.78,242865096.3,18246780.95
2023-08-19,78179261.31,242842611.7,18254303.07
2023-08-20,78058955.09,242998922.9,18300656.04
2023-08-21,78122274.58,243084558.3,18233877.41
2023-08-22,78176623.8,243057217.7,18289046.2
2023-08-23,78129043.37,243224915.1,18251093.14
2023-08-24,78243829.09,243794336.6,17649059.52
2023-08-25,78281562.2,243881277.2,17606573.48
2023-08-26,78305002.42,244216691.9,17330169.67
2023-08-27,78330282.85,244279673.2,17324262.99
2023-08-28,78354582.8,244309976.5,17351825.68
2023-08-29,77951139.53,244838842.3,17308555.79
2023-08-30,77984942.84,244887369.1,17308401.03
2023-08-31,77959304.97,244951532.3,17352026.41
2023-09-01,78462069.86,243980492.5,17902658.31
2023-09-02,78536720.83,244066275.4,17824589.97
2023-09-03,78600018.09,243974876.5,17934888.88
2023-09-04,78688400.38,243828227.5,18075303.46
2023-09-05,78826827.57,243833790.7,18013476.14
2023-09-06,78847815.73,244073977.6,17834457.5
2023-09-07,78782567.62,244177605.3,17878255.19
2023-09-08,79507312.28,244251477.6,17162089.37
2023-09-09,79531867.19,243307504.9,18163856.55
2023-09-10,79574130.16,243359100.6,18152162.77
2023-09-11,79580697.99,243342125.2,18244725.76
2023-09-12,80063254.6,243354702.6,17831754.87
2023-09-13,79131254.04,244371263,17829362.78
2023-09-14,79278190.69,244355728,17780195.55
2023-09-15,79335433.01,244324854.7,17836025.72
2023-09-16,80357202.81,244437695.7,16783639.69
2023-09-17,80343568.89,244483382.3,16833755.79
2023-09-18,80366850.14,244191461.3,17184551
2023-09-19,80363097.45,244190573.6,17271438.13
2023-09-20,79763755.89,245226073.7,16917721.18
2023-09-21,78763342.19,245353886.9,17872477.09
2023-09-22,79099590.59,245075573.1,17896728.31
2023-09-23,79185148.01,245011645.9,17957329.54
2023-09-24,79265134.02,245128085.7,17843128.61
2023-09-25,79281230.55,245206501.3,17830799.44
2023-09-26,79235796.36,245036210.8,18128776.57
2023-09-27,79286754.84,245034277.4,18162269.14
2023-09-28,80274471.13,245197728.6,17093640.22
2023-09-29,80285645.56,245209117.6,17154129.66
2023-09-30,80300028.27,245128847.9,17302477.23
2023-10-01,80235715.29,245310032.6,17267797.03
2023-10-02,80359873.2,244918335.9,17617569.22
2023-10-03,80542409.2,245080189.4,17355502.48
2023-10-04,80484730.97,245199660.8,17376552.12
2023-10-05,80503503.65,245403661.4,17236527.44
2023-10-06,80547517.02,245262173.6,17416783.8
2023-10-07,80541821.42,243516758.1,19250076.07
2023-10-08,80622086.46,243569618.9,19199181.73
2023-10-09,80586043.04,243688554,19198537.65
2023-10-10,80596127.68,243784861.5,19174310.54
2023-10-11,80587670.75,243788544.2,19261294.38
2023-10-12,80640205.02,243812740.9,19266805.28
2023-10-13,80698488.53,243857491.4,19245972.46
2023-10-14,80870948.66,243915217.4,19098006.36
2023-10-15,80823175.77,244292564.8,18850936.15
2023-10-16,80860248.39,244340816.8,18848348.85
2023-10-17,80988784.19,245015849.6,18127566.89
2023-10-18,81075315.57,244842967.6,18296764.07
2023-10-19,81018187.09,244891976.9,18387085.3
2023-10-20,81319372.08,246223540,16836665.61
2023-10-21,81311030.22,246071457.3,17079397.73
2023-10-22,81349008.58,246075697.7,17119457.12
2023-10-23,81355100.77,245974213.7,17297126.08
2023-10-24,81279556.94,246139681.8,17289384.77
2023-10-25,81387846.05,245520119.3,17882834.51
2023-10-26,81417417.21,246426192.1,17029450.59
2023-10-27,81364738.59,246453116,17137416.81
2023-10-28,81363452.8,245967969.4,17706040.78
2023-10-29,81373848.46,245901110.8,17844760.94
2023-10-30,81380494.5,245917009.5,17905401.2
2023-10-31,81288279,246403615.7,17593855.11
2023-11-01,81310830.96,246558965.7,17498130.48
2023-11-02,81307716.84,245295978.1,18846472.25
2023-11-03,81519660.04,244869988.2,19142759.04
2023-11-04,81486866.43,244912522.7,19215233.43
2023-11-05,81476852.14,244923521.9,19296412.53
2023-11-06,81472398.66,245348445.4,18958118.88
2023-11-07,81408241.69,245605240.4,18847819.77
2023-11-08,81630199.36,245128952.5,19184351.09
2023-11-09,81821479.62,245080879.2,19123330.04
2023-11-10,81315793.64,244689306.7,20102860.84
2023-11-11,81376369.8,244691412.8,20122393.01
2023-11-12,81354668.46,244479293.1,20438393.19
2023-11-13,81345164.05,244870957.3,20138526.68
2023-11-14,83175420.31,245381485.3,17879916.93
2023-11-15,82628115.11,244753730.4,19137182.88
2023-11-16,82726524.73,245250014.1,18625184.92
2023-11-17,82533952.38,244690967,19459640.46
2023-11-18,82722645.21,244798573.9,19238869.64
2023-11-19,82599787.22,244649250,19561754.44
2023-11-20,82190878.79,244974785.6,19766707.91
2023-11-21,82759234.38,243635472.7,20595336.39
2023-11-22,82744775.75,243183531.3,21115393.1
2023-11-23,82845792.46,243119239.3,21141090.99
2023-11-24,83335182.99,243502226.3,20342119.52
2023-11-25,83358813.16,243721661.5,20181784.71
2023-11-26,83264218.04,243791258.6,20289434.45
2023-11-27,82908252.74,243740201.5,20779179.78
2023-11-28,83006642.23,244180835.9,20322850.34
2023-11-29,82756740.2,245290419,19545540.54
2023-11-30,82859070.38,245547694.3,19268367.22
2023-12-01,83512947.11,245941141.5,18303521.02
2023-12-02,83577027.23,245977009.8,18285821.18
2023-12-03,83641071.35,245960374.6,18320620.93
2023-12-04,83963185.85,246005493.8,18035599.75
2023-12-05,84036482.8,245097284.1,18952685.97
2023-12-06,84231928.34,245052690.7,18884038.76
2023-12-07,84127438.27,245250508,18872997.21
2023-12-08,84015120.49,244387285.1,19930746.49
2023-12-09,84053853.66,244459068.4,19902450.13
2023-12-10,84040757.02,244103211.2,20353660.17
2023-12-11,83564824.73,244616481.8,20398710.27
2023-12-12,83809605.13,245158259.4,19694341.94
2023-12-13,83623579.77,245207940.6,19913064.92
2023-12-14,83714210.86,244664914.8,20447856.55
2023-12-15,83707005.82,244956737.5,20245435.22
2023-12-16,83784670.46,244847473.9,20359222.89
2023-12-17,83545557.55,245069053.5,20458932.54
2023-12-18,83620517.08,244603817.8,20931370.85
2023-12-19,83706829.38,244672687.4,20858395.71
2023-12-20,83615619.4,244861396.8,20843306.51
2023-12-21,83802727.35,245196948.1,20403640.15
2023-12-22,83800222.48,245141167,20544631.1
2023-12-23,83727632.25,245474251.8,20366870.85
2023-12-24,83679890.74,245678954.3,20292105.26
2023-12-25,83614897.48,245786257.7,20332049.41
2023-12-26,84471236.2,245903578.1,19440993.56
2023-12-27,85791021.92,246172601.2,17934414.26
2023-12-28,86814469.67,244082780.2,19082946.76
2023-12-29,86713123.75,244174771.3,19174915.28
2023-12-30,86712420.98,244430996.2,19002158.89
2023-12-31,86721974.02,244689251.2,18817439.82
2024-01-01,86600501,244916401.4,18794576.89
2024-01-02,86401132.52,245360235.3,18632530.3
2024-01-03,86447408.24,244954708.4,19074013
2024-01-04,86289691.19,245166692.3,19101932.04
2024-01-05,86204814.66,244883580.9,19552093.49
2024-01-06,86197888.49,244960790.2,19563995.21
2024-01-07,85882607.33,245521218.5,19401020.66
2024-01-08,85841231.33,245349606.7,19696180.03
2024-01-09,85961946.01,244840131,20167106.93
2024-01-10,86784452.2,244452776.7,19814156.14
2024-01-11,86668827.07,246452907.6,18011824.83
2024-01-12,86021137.86,247585943.1,17608658.68
2024-01-13,86099442.62,247289097.8,17909356.52
2024-01-14,86339005.32,247414451.5,17626614.62
2024-01-15,85415340.41,248371531.2,17675358.1
2024-01-16,85269693.48,247789488.7,18485216.27
2024-01-17,85378343.77,247765214.1,18483001.71
2024-01-18,85376469.26,247881066.5,18451183.09
2024-01-19,86014633,248090429.4,17685806.24
2024-01-20,86160688.69,248189127,17523231.22
2024-01-21,85940718.65,248792978,17222229.07
2024-01-22,86000068.67,248937662.2,17100717.31
2024-01-23,86075030.1,248651951,17393996.07
2024-01-24,86027970.5,248729874.5,17445661.29
2024-01-25,85846573.57,249024283.5,17415404.51
2024-01-26,85913447.51,249111051.9,17344706.62
2024-01-27,86172156.62,249166748.6,17113296.62
2024-01-28,86223228.3,249092826.2,17218455.88
2024-01-29,86277424.97,249326502.1,17012931.75
2024-01-30,86971257.15,249275912.8,16452241.6
2024-01-31,87498100.42,248602455.6,16681139.42
2024-02-01,87349091.91,248208352.9,17306407.93
2024-02-02,87458839.43,248032831.6,17454456.01
2024-02-03,87578101.73,248198380.4,17252530.48
2024-02-04,87501914.03,248702501.9,16906825.35
2024-02-05,87541813.57,248433039.3,17218551.46
2024-02-06,87769585.96,248429617.7,17076357.09
2024-02-08,87712474.75,248574079.4,17153710.16
2024-02-09,87190061.05,249126458.3,17205977.39
2024-02-10,87318880.98,248760435.6,17525822.29
2024-02-11,87290510.08,247335535.6,19061723.03
2024-02-12,87256603.41,247393900.2,19119880.64
2024-02-13,87279592.78,246964218.6,19609205.6
2024-02-14,87399583.49,246865028.5,19671246.77
2024-02-15,88376719.89,246104297.2,19537691.11
2024-02-16,88053636.55,246443094.2,19604491.28
2024-02-17,88083009.56,246299544.1,19801278.26
2024-02-18,87631526.79,246802347,19832540.5
2024-02-19,87316697.46,247210017.8,19822566.49
2024-02-20,87415835.7,246895799.8,20119962.38
2024-02-21,87415630.97,247277998,19820205.18
2024-02-22,87525213.65,246363855.7,20706914.5
2024-02-23,87612174.03,246321080.9,20744882.52
2024-02-24,87717673.18,246216920.7,20825830.21
2024-02-25,87724459.59,246327704.5,20790590.36
2024-02-26,87986921.34,246342326.2,20595671.94
2024-02-27,88152540.03,245929261.2,20925293.58
2024-02-28,90020822.09,245878035.5,19190591.45
2024-02-29,89539510.85,246602128.6,19030301.52
2024-03-01,89530130.03,245934389.5,19790075.03
2024-03-02,89509745.2,246467959.9,19359548.75
2024-03-03,89496162.91,246519399.5,19403996.18
2024-03-04,89672662.15,246537333.6,19291759.11
2024-03-05,89712574.18,246461528.3,19410265.18
2024-03-06,89752462.91,246122632.6,19791968.5
2024-03-07,89722876.7,246398792.3,19628033.36
2024-03-08,89575179.54,246086546.1,20170562.8
2024-03-09,89595040.7,246000619.7,20318809.21
2024-03-10,89591714.97,246035943,20368990.84
2024-03-11,89569410.57,245798490,20710927.44
2024-03-12,90065171.08,245626016.5,20470038.31
2024-03-13,90289428.6,245205498.3,20748648.74
2024-03-14,90627442.25,245246628.1,20452130.34
2024-03-15,90955026.73,244839721.4,20614179.39
2024-03-16,91266794.2,244549856.8,20674879.67
2024-03-17,91235150.89,244940833,20398189.04
2024-03-18,91328618.22,244868220.8,20459514.95
2024-03-19,91691399.5,244346203.8,20700955.66
2024-03-20,92145045.25,244612708.8,20063006
2024-03-21,92200362.9,244565518.6,20137068.18
2024-03-22,92300633.23,244686459.9,19998039.61
2024-03-23,93087982.95,244646366.3,19333103.45
2024-03-24,93185321.68,244670755.4,19293798.2
2024-03-25,93206402.2,244649141.2,19377061.49
2024-03-26,93360605.75,244547358.1,19407375.45
2024-03-27,93434493.82,244403849.6,19559719.77
2024-03-28,93383452.64,244389951.7,19707413.3
2024-03-29,93285033.41,244695216,19582866.2
2024-03-30,93280159.79,244568173.7,19797278.88
2024-03-31,93238314.96,242710261.3,21779315.17
2024-04-01,93391910.71,242783008.2,21635290.54
2024-04-02,93734686.98,242312913,21844881.82
2024-04-03,93500593.72,242919542.6,21554534.23
2024-04-04,93669897.1,242920437.5,21466615.04
2024-04-05,93648469.06,243101642.1,21389094.68
2024-04-06,93621633.3,243139160.5,21460660.68
2024-04-07,93645961.03,243331356.2,21326498.95
2024-04-08,93750065.66,243373024.2,21263069.04
2024-04-09,93916840.41,242872399.4,21679262.81
2024-04-10,94086919.56,242552043.6,21911829.91
2024-04-11,94187420.05,242722490.9,21723199.2
2024-04-12,94141213.07,242801512.1,21772664.92
2024-04-13,94476502.13,242721822.1,21599449.52
2024-04-14,94438556.57,242763127,21678392.93
2024-04-15,94436320.62,242613262.9,21912862.34
2024-04-16,94385948.37,242803907.5,21854961.27
2024-04-17,94248524.76,243090728.5,21788046.37
2024-04-18,94293544.62,243134780.3,21782724.42
2024-04-19,95963165.82,243611044.2,19719959.62
2024-04-20,95931818.39,243834043.3,19610695.45
2024-04-21,95981069.24,243912004.5,19565965.88
2024-04-22,96095367.94,244085291.4,19360617.5
2024-04-23,96340122.96,244199444.7,19083990.13
2024-04-24,96450218.24,244316340.1,18939241.34
2024-04-25,96452764.51,244235257.4,19100351.57
2024-04-26,96646838.46,243824944.5,19399903.87
2024-04-27,96684111.65,243881248.2,19391167
2024-04-28,97070094.72,243681230.9,19289580.22
2024-04-29,97338663.93,243564948.4,19221415.82
2024-04-30,97414637.94,243479160.4,19315279.94
2024-05-01,97478556.05,243640952.8,19172632.77
2024-05-02,97444882.81,244381298.3,18548164.39
2024-05-03,97429274.66,244780812.8,18246440.12
2024-05-04,97846559.45,245156419.2,17535785.21
2024-05-05,97901857.64,245255369.3,17463682.93
2024-05-06,97928516.2,245203733.4,17570870.89
2024-05-07,98071060.97,245228713.4,17485488.19
2024-05-08,97899248.95,245485867.3,17482337.97
2024-05-09,97982967.03,245690315.7,17276519.85
2024-05-10,98253804.33,245910917.8,16867657.97
2024-05-11,98184753.01,245898987.8,17030842.32
2024-05-12,98406607.92,246133369.6,16657033.91
2024-05-13,98272943.71,246360035.9,16646204.43
2024-05-14,98263524.79,246594400.4,16503428.48
2024-05-15,97674282.72,247281587.7,16487833.65
2024-05-16,97367368.09,247750520,16408020.85
2024-05-17,96810654.78,248454123.1,16261131.04
2024-05-18,96090044.34,249270915.3,16329349.57
2024-05-19,96110268.38,249383242.5,16279009.9
2024-05-20,96128616.3,248555590,17170503.16
2024-05-21,96144232.75,248383427.1,17409288.81
2024-05-22,96235304.84,248413682.1,17370178.86
2024-05-23,96279384.32,248233970,17588043.09
2024-05-24,96496312.07,247979615.5,17707784.04
2024-05-25,96633760.16,247249678.5,18382457.83
2024-05-26,96653446.19,246113550.6,19581335.63
2024-05-27,96633712.87,245875665.6,19921440.22
2024-05-28,96665919.25,245342584.4,20504984.82
2024-05-29,96793361.23,245121958.9,20680621.3
2024-05-30,96753222.43,245020312.9,20904672.76
2024-05-31,96758165.15,244668446.4,21334938.4
2024-06-01,96839274.55,244605229.7,21399462.61
2024-06-02,96828134.33,244689586.4,21408888.36
2024-06-03,96854737.01,244698430.3,21455603.9
2024-06-04,97925058.67,243512627.7,21653253.54
2024-06-05,97967925.61,243568488.8,21636699.09
2024-06-06,98961472.18,243232919,21060997.53
2024-06-07,99229761.79,243159914,20947927.28
2024-06-08,99347508.05,243194184.5,20878134.39
2024-06-09,99546905.07,243245397.7,20709839.32
2024-06-10,99990966.29,243354824.5,20238746.34
2024-06-11,100396221.3,243364396.4,19906400.1
2024-06-12,100341330,243068179.2,20339653.45
2024-06-13,100541180.1,242702068.9,20588052.04
2024-06-14,100691907,242827170.7,20394382.63
2024-06-15,100869169.1,242868474.4,20257966.49
2024-06-16,100876745,242822127.7,20378879.52
2024-06-17,101088980.1,242826046.5,20244868.7
2024-06-18,101248407.3,242624879.3,20368752.75
2024-06-19,103280953.2,242528096.2,18515143.43
2024-06-20,103426332.3,242543137.4,18436874.88
2024-06-21,103511213.6,242817975.6,18159300.32
2024-06-22,103453658.5,242910961,18206007.46
2024-06-23,103106984.3,243942715.8,17603075.73
2024-06-24,103252960.9,243851805.4,17630147.84
2024-06-25,103313813.6,243960250.2,17542986.82
2024-06-26,103351115.5,244018732.5,17529353.19
2024-06-27,103396149.1,244223423.5,17361767.95
2024-06-28,103488277.7,244389792.1,17185458.49
2024-06-29,103824233.1,244624179.9,16697456.13
2024-06-30,103876546.5,244733939.7,16617613.51
2024-07-01,104004509.9,244577437.7,16728292.32
2024-07-02,103903181,244786464.2,16702733.05
2024-07-03,103867349,244865663.8,16741580.9
2024-07-04,103993650,244894686.6,16668567.49
2024-07-05,104053907,243762259,17823322.28
2024-07-06,104031378.7,243584970.4,18105711.97
2024-07-07,104128518.2,243546261.7,18129875.89
2024-07-08,104068205.8,243520659.9,18298466.48
2024-07-09,104065286.4,242660224.1,19244005.64
2024-07-10,104030875.8,242662422.5,19358374.22
2024-07-11,103951956.6,242808766,19373097.75
2024-07-12,104066787.4,243011617.4,19137566.31
2024-07-13,104086599.4,243010728.4,19200780.64
2024-07-14,104105494.9,243183590.6,19091170.81
2024-07-15,104318615,243267814.9,18875966.71
2024-07-16,104518999.4,243097423.6,18928142.38
2024-07-17,104400294.2,243353336.9,18873078.33
2024-07-18,104505171.3,243358745.8,18844932.56
2024-07-19,104760082.3,242634674.8,19396232.83
2024-07-20,106051385.2,242298740.3,18523016.02
2024-07-21,105693125.6,242637546.9,18624611.15
2024-07-22,105693301.2,242734538.7,18609621.13
2024-07-23,105337261.5,243070413.1,18711986.56
2024-07-24,105310459.6,243139498.7,18751844.97
2024-07-25,106239889.5,241321686.4,19722370.58
2024-07-26,106199404.4,241386108.6,19780579.4
2024-07-27,106250534.9,241376434,19821306.54
2024-07-28,106355910.1,241424233,19750280.14
2024-07-29,106536123.8,241323883.2,19752912
2024-07-30,106772461.3,241008967.3,19913811.33
2024-07-31,107050225.4,240506145.7,20221181.13
2024-08-01,107013196.1,240780486,20066030.28
2024-08-02,107431022.4,240922188,19588688.88
2024-08-03,107558576.8,240976223.5,19489319.96
2024-08-04,107614792.4,241059411.9,19432082.83
2024-08-05,107617721.3,241114751.5,19455980.32
2024-08-06,107566229.7,241261017.5,19443383.2
2024-08-07,107547569.2,239984590.2,20820725.3
2024-08-08,107502138.4,240177040.1,20756250.48
2024-08-09,107558709.1,240204553.7,20754817.81
2024-08-10,107525707.9,240302899.7,20771653.29
2024-08-11,107558673,240484822.1,20638915.53
2024-08-12,107548206.4,240654753.9,20561594.37
2024-08-13,107373303.2,241075433.1,20398028.99
2024-08-14,107472428.6,241205260.7,20251335.94
2024-08-15,107387658.5,241664371.7,19959173.45
2024-08-16,107334743.5,241903519.6,19855080.72
2024-08-17,109427285.3,240990382,18757817.72
2024-08-18,109411381,241070815.3,18775754.04
2024-08-19,109429046.3,241123404.8,18788382.96
2024-08-20,109385813.8,241374139.2,18663723.87
2024-08-21,109550066.4,241384388.2,18571562.03
2024-08-22,110557176.2,241418054.4,17613343.73
2024-08-23,110578179.9,241504275.9,17588665.55
2024-08-24,110551746.3,241668930.9,17532965.64
2024-08-25,110587745.5,241679177.6,17569221.25
2024-08-26,110602880.9,241531652.1,17783751.6
2024-08-27,110512652.8,241724676.5,17763097.43
2024-08-28,110627331.8,241830392.6,17624841.65
2024-08-29,110669221.8,241778795.8,17716698.22
2024-08-30,110659531,241809154.3,17778184.04
2024-08-31,110692071.4,241868064.1,17768944.5
2024-09-01,110725999.4,241821253.4,17864299.18
2024-09-02,110755689.3,241891684.9,17846353.16
2024-09-03,111727585.3,242003641.9,16844891.37
2024-09-04,111710630.1,241053968.1,17894125.5
2024-09-05,111789341.2,241123738.7,17828170.1
2024-09-06,111181464.1,241855838.3,17786582.14
2024-09-07,111184816,241916028.3,17805546.53
2024-09-08,111319422.6,241976152.6,17693334.21
2024-09-09,111273337.6,242155493.8,17642610.9
2024-09-10,111289841.1,242211550.9,17652566.09
2024-09-11,111402336.3,242331419.5,17502726.55
2024-09-12,111390140.8,242279934.6,17648955.97
2024-09-13,111446797.5,242206111.1,17748652.87
2024-09-14,111299637.1,241491881.4,18692191.72
2024-09-15,111358512.4,241524882,18682488.4
2024-09-16,111126397.4,241847148,18674483.36
2024-09-17,111047326.8,241923657.5,18759192.38
2024-09-18,112051629.9,241717282.2,18043412.3
2024-09-19,112072493.9,241789192.2,18032793.83
2024-09-20,112041147.3,241556924.2,18378560.1
2024-09-21,112140233.2,241348981.5,18569562.94
2024-09-22,112140813.5,240354907.2,19645202.83
2024-09-23,112062754.9,240237758,19922561.25
2024-09-24,111965607.1,240302452.4,20037236.69
2024-09-25,112348477.1,240395488.7,19643484.95
2024-09-26,112476954.3,240493843.1,19498813.53
2024-09-27,112607900.2,240490548.7,19453321.28
2024-09-28,112599190.1,240559604.4,19475134.95
2024-09-29,112456539.8,240591134.8,19668415.95
2024-09-30,113361827.2,240595012.4,18841408.33
2024-10-01,113319136.3,240769225.4,18792044.56
2024-10-02,113207033,240841848.9,18913691.27