Date,AZERO
2021-11-10,13591390.31979058537
2021-11-11,7860097.225889532707
2021-11-12,7244907.30493499638
2021-11-13,10456586.268821997612
2021-11-14,3008549.903159992298
2021-11-15,3356818.754564992726
2021-11-16,5510546.338349999704
2021-11-17,320397.85166999855875
2021-11-18,2099831.689231998269
2021-11-19,1409635.385842189455
2021-11-20,6133898.730524999678
2021-11-21,1752933.550199999929999
2021-11-22,3481270.385699996145
2021-11-23,2386383.800399997791
2021-11-24,1345301.0347249973531
2021-11-25,1435237.53088000002
2021-11-26,1654310.05024999914
2021-11-27,900734.895949999717
2021-11-28,1322435.80748279948
2021-11-29,821206.800978399996
2021-11-30,746096.111419998874
2021-12-01,19742916.663999995452
2021-12-02,995639.75414999322
2021-12-03,922417.030049993547
2021-12-04,473814.195749998595
2021-12-05,1299285.376776000011
2021-12-06,18509586.88797499933
2021-12-07,17224968.40181999998501
2021-12-08,616268.938
2021-12-09,517333.855999999998
2021-12-10,296511.887000000001
2021-12-11,1109066.395600000024
2021-12-12,1349563.860000000001
2021-12-13,11247788.80094999979
2021-12-14,1922191.75953599995
2021-12-15,1200499.9358749998624
2021-12-16,420851.094000000001
2021-12-17,242757.776644
2021-12-18,746526.9944
2021-12-19,692741.128860998401
2021-12-20,1028305.284249999153
2021-12-21,562419
2021-12-22,1562369.818400000018
2021-12-23,707125.6772
2021-12-24,1487425.30180000001
2021-12-25,454658.699000000005
2021-12-26,3435477.002
2021-12-27,1769914.498199999998
2021-12-28,3072812.75151099991
2021-12-29,1301834.206999999986
2021-12-30,5798206.47008880313
2021-12-31,1257655.978149999717
2022-01-01,489125.5631
2022-01-02,271051.372500000001
2022-01-03,624596.146999999989
2022-01-04,759611.7175
2022-01-05,420232.8598
2022-01-06,835960.468000000015
2022-01-07,198460.1596000000101
2022-01-08,387711
2022-01-09,312465.959
2022-01-10,717963.65924999971
2022-01-11,448563.7171753549669
2022-01-12,823850.359149999983
2022-01-13,10909536.579374999851
2022-01-14,613214.839199999999
2022-01-15,1481884.453939999705
2022-01-16,715563.287349997986
2022-01-17,686278.89659216716199597
2022-01-18,419459.02837
2022-01-19,1795321.19834999974
2022-01-20,664246.627999999996
2022-01-21,438258.8964
2022-01-22,207907.89
2022-01-23,217154.712
2022-01-24,1609299.529499999424
2022-01-25,4130884.59678082653
2022-01-26,41096128.52344949233
2022-01-27,36914586.32629336697
2022-01-28,7853256.5164835832
2022-01-29,6816803.48411219964
2022-01-30,7816239.537032357296
2022-01-31,4372997.183796126675
2022-02-01,3088243.460459660109
2022-02-02,2664755.43019361041904
2022-02-03,4855622.787917329006
2022-02-04,715024.18063579260827
2022-02-05,939824.7713745341344
2022-02-06,999941.8988674780377
2022-02-07,1060392.3443071709216
2022-02-08,759730.587476243198
2022-02-09,1262688.4806249593867
2022-02-10,2219712.551740624944
2022-02-11,1536307.9045349462198
2022-02-12,11652614.2074012368094
2022-02-13,1537284.171724977063
2022-02-14,2421459.653859475996
2022-02-15,994091.434864054252
2022-02-16,495715.8159353070744
2022-02-17,1215879.3560888645482
2022-02-18,2441941.8456277441534
2022-02-19,1627439.4255749801080005
2022-02-20,1296417.5866599747193
2022-02-21,1702249.4278328857378
2022-02-22,3365765.745071038372
2022-02-23,1675080.8633839730961
2022-02-24,7478307.769655011038
2022-02-25,2079635.779539982075
2022-02-26,657455.78011246368055
2022-02-27,2646710.59294746441
2022-02-28,4496376.4223479436115
2022-03-01,1348312.392723445429
2022-03-02,1725577.830385453283199
2022-03-03,2154997.956459983094
2022-03-04,1338676.584105425611
2022-03-05,378124.7248807664159
2022-03-06,661974.191621939373
2022-03-07,1693216.61752991686
2022-03-08,1310277.621991424488
2022-03-09,852492.8665174842313
2022-03-10,618767.19081247210199
2022-03-11,369138.019937485358
2022-03-12,82744.9549999950417
2022-03-13,785688.51008499213055
2022-03-14,714659.05978946953772
2022-03-15,746628.3387480274677
2022-03-16,229306.7050882673769
2022-03-17,2880749.385498979399
2022-03-18,4394239.430083160467
2022-03-19,506240.71294505154491
2022-03-20,290934.4523086628627
2022-03-21,323615.8980254808269
2022-03-22,293096.053434991429
2022-03-23,2408366.26712768754062
2022-03-24,1456553.606401094664
2022-03-25,604053.0585289719537
2022-03-26,557584.1745958900935
2022-03-27,2946547.4039052232327
2022-03-28,2392685.68426986712
2022-03-29,1608657.4950407797134
2022-03-30,1663975.7579194570498
2022-03-31,4130091.679621463953
2022-04-01,4296647.763939098092
2022-04-02,2230155.396461490474
2022-04-03,1792521.018214503963
2022-04-04,1467023.2310366460597
2022-04-05,764767.2528568848618
2022-04-06,1807324.0318209462
2022-04-07,5619517.42865905042124
2022-04-08,646690.4979296750219
2022-04-09,640835.0852074542348
2022-04-10,1310073.032729225493
2022-04-11,1927065.744757307727
2022-04-12,1463704.1884702433892
2022-04-13,1766640.8074864098395
2022-04-14,11071370.612763413725
2022-04-15,4050023.4722657679956
2022-04-16,888435.0064500532557
2022-04-17,825987.193309298303
2022-04-18,4353074.3383213735833
2022-04-19,1104201.81480497945695
2022-04-20,539611.8013142210867
2022-04-21,1099967.821519277082
2022-04-22,821771.4872714849716
2022-04-23,1271219.8218257051854
2022-04-24,1076235.715493276647
2022-04-25,2548362.724263407657
2022-04-26,3691557.514040072831
2022-04-27,11206287.636518291827
2022-04-28,19511421.17258982932
2022-04-29,3379545.323983265601
2022-04-30,3160878.2053028360663
2022-05-01,2367395.296393539669
2022-05-02,1988027.9611250945665
2022-05-03,2950685.540136432207
2022-05-04,678675.1273812144012
2022-05-05,1462534.5626170345904
2022-05-06,1708755.0880952739345
2022-05-07,1068329.0721573727963
2022-05-08,833170.838000090941
2022-05-09,2433562.464815234894
2022-05-10,1379847.2850505505498
2022-05-11,5006309.497780986122
2022-05-12,2921908.212725072781
2022-05-13,1736514.809330460404
2022-05-14,1836688.187423921768
2022-05-15,588045.5659861247233
2022-05-16,1550090.9867281467275
2022-05-17,1220173.1861861940355
2022-05-18,657977.49402480693983
2022-05-19,1698132.99828498936188
2022-05-20,326397.5639993731905
2022-05-21,847432.84936096528826
2022-05-22,442226.69185398813024
2022-05-23,855335.7322085790872
2022-05-24,542697.1965943484407
2022-05-25,1704138.1231258834236
2022-05-26,656907.51173082433628
2022-05-27,972674.9618023207797
2022-05-28,335326.71886875884428
2022-05-29,452369.3215830902679
2022-05-30,904633.857528236637
2022-05-31,440436.04372586601145
2022-06-01,946297.79321115078156
2022-06-02,325547.09059987139512
2022-06-03,660376.2396805757476
2022-06-04,159698.285528321412
2022-06-05,396450.3444795713303
2022-06-06,270869.7862139515099
2022-06-07,1181812.4494400028916
2022-06-08,1140775.5956017415283
2022-06-09,303586.4807689808936
2022-06-10,1117363.7705295039699
2022-06-11,743757.7904315625276
2022-06-12,1407459.63616409572867
2022-06-13,2117857.1617430095923
2022-06-14,537177.798375067844
2022-06-15,1657836.8555097934619
2022-06-16,1757970.0198655645214
2022-06-17,893343.087260912787
2022-06-18,982094.430074094678
2022-06-19,1223014.3856441568225
2022-06-20,1353451.551338915048
2022-06-21,520545.78351280167657
2022-06-22,761888.1950587278293
2022-06-23,1451035.0009192158007
2022-06-24,909232.53600118212674
2022-06-25,1076742.3329663880323
2022-06-26,908909.229263823219
2022-06-27,417309.993772677832
2022-06-28,981717.7437700834575
2022-06-29,1460568.9824173228095
2022-06-30,1692222.3588919876595
2022-07-01,1271322.0874747820838
2022-07-02,664345.9332629984825
2022-07-03,895017.035916655812
2022-07-04,326669.9475644005989
2022-07-05,366190.1668367038511
2022-07-06,559036.8186114338101
2022-07-07,496395.0572252753444
2022-07-08,617278.1360858883485
2022-07-09,173829.0934620840311
2022-07-10,163283.0667392962808
2022-07-11,223894.5073519821427
2022-07-12,319080.9077534624581
2022-07-13,351196.866448127844
2022-07-14,441300.9355424789388
2022-07-15,764980.2601505780397
2022-07-16,442624.20551472452394
2022-07-17,356337.0687897775787
2022-07-18,2301756.7751152912012
2022-07-19,1505159.7720637797445
2022-07-20,1670524.9005285581018
2022-07-21,986270.33458039766396
2022-07-22,1184688.2921469082612
2022-07-23,388884.6456478969517
2022-07-24,818656.42825783351974
2022-07-25,487505.9244664668029
2022-07-26,636283.9269091469264
2022-07-27,1277130.593002047738
2022-07-28,2262981.106213017531
2022-07-29,1800813.4517763682356
2022-07-30,701622.0192334489074
2022-07-31,409485.61859119086086
2022-08-01,565520.871886859149
2022-08-02,968604.5943931007505
2022-08-03,551299.6643588008089
2022-08-04,1098183.2253568513617
2022-08-05,805064.654683177607
2022-08-06,793974.8405976239061
2022-08-07,967480.739863275216
2022-08-08,1844609.4103078937235
2022-08-09,1157738.051782812812
2022-08-10,1293711.4601341359965
2022-08-11,2400193.594345361859
2022-08-12,1405272.1235386717875
2022-08-13,967028.4497080998516
2022-08-14,551443.5750005598194
2022-08-15,920646.4589424040189
2022-08-16,562449.4176300679841
2022-08-17,794914.6312437876639
2022-08-18,724831.39781904605779
2022-08-19,524435.6532461020488
2022-08-20,566580.0671718235901
2022-08-21,745240.606357559823
2022-08-22,1350589.3144197225273
2022-08-23,857876.0460666751848
2022-08-24,1088260.6956200809717
2022-08-25,1133732.7596259819736
2022-08-26,636696.3687789302171
2022-08-27,823026.0248400341955
2022-08-28,716837.6645928492978
2022-08-29,682726.18966002021738
2022-08-30,493332.28038965749697
2022-08-31,395894.5840628855487
2022-09-01,440195.43461288384226
2022-09-02,308866.17918623691185
2022-09-03,244321.7839522939315
2022-09-04,266767.339631742851699
2022-09-05,536730.88317811796034
2022-09-06,1254952.87404160099885
2022-09-07,535012.3527924908408
2022-09-08,301619.922188259374705
2022-09-09,918457.7587181915849
2022-09-10,906401.6592819702682
2022-09-11,472307.0886503661349
2022-09-12,505818.91150000653959
2022-09-13,1387528.034710924120496
2022-09-14,750554.36338509510645
2022-09-15,380127.2608044827231
2022-09-16,719648.2746307251375
2022-09-17,421164.08000808595717
2022-09-18,627958.480916062695
2022-09-19,343839.6023614527551
2022-09-20,251238.6544048926748
2022-09-21,645588.47291729768403
2022-09-22,775938.4660538609331
2022-09-23,616599.40095278447524
2022-09-24,244704.6001827382079
2022-09-25,752848.8546291960316
2022-09-26,373052.66491460452036
2022-09-27,423899.2394683133569
2022-09-28,275989.396821831443
2022-09-29,313225.9234201288048
2022-09-30,699412.406718104406
2022-10-01,232138.12591140464516
2022-10-02,380951.61248529938726
2022-10-03,370139.22946499486178
2022-10-04,981102.634369639843
2022-10-05,1141132.1589125178001
2022-10-06,1067978.0764489590028
2022-10-07,457522.6440157294626
2022-10-08,442094.12944351544544
2022-10-09,445945.9030462112119
2022-10-10,580430.24209869058364
2022-10-11,530754.21039744117404
2022-10-12,675368.5559341990837
2022-10-13,577798.7368574328729
2022-10-14,435541.9154777538116
2022-10-15,228442.235287307636929
2022-10-16,261397.1921269625616
2022-10-17,605665.315503546826
2022-10-18,602287.95633065375497
2022-10-19,613033.6155143797126
2022-10-20,649788.2435303042232
2022-10-21,1039063.9934692154049
2022-10-22,166982.864533122921239
2022-10-23,366363.3345144646145
2022-10-24,556234.01865070497074
2022-10-25,884490.5601481083031
2022-10-26,613108.6730594226421
2022-10-27,565620.97154802424977
2022-10-28,349025.4792448425064
2022-10-29,298232.89426562487832
2022-10-30,692568.0496214214583
2022-10-31,865833.6673332234146
2022-11-01,484030.2669246347042
2022-11-02,525581.36674144619655
2022-11-03,1032674.90006762565958
2022-11-04,2204337.3568717290068
2022-11-05,1983787.8972386235191
2022-11-06,428062.71139541828478
2022-11-07,647812.9669542300466
2022-11-08,919219.3532582910113
2022-11-09,2422841.275010398567
2022-11-10,3552687.749658378604
2022-11-11,6030801.604931427081
2022-11-12,1113398.2350409809024
2022-11-13,3047321.388968965227
2022-11-14,4375781.154879487268
2022-11-15,3305269.667927209802
2022-11-16,905204.359101968726
2022-11-17,726914.1213458684655
2022-11-18,1699057.9072136504673
2022-11-19,475885.833776991568
2022-11-20,459095.27047812330729
2022-11-21,1203478.276319147038
2022-11-22,1787853.1750716339736
2022-11-23,1611701.85098495527565
2022-11-24,868409.0933412247668
2022-11-25,412551.091580042937304
2022-11-26,567432.8514850644894
2022-11-27,436243.8850361702189
2022-11-28,551251.1772501196647
2022-11-29,4755506.644133043694
2022-11-30,736116.58391078172156
2022-12-01,563364.71870763996734
2022-12-02,823074.4436332132703
2022-12-03,654250.9118200704777
2022-12-04,605269.3086907633255
2022-12-05,1199708.8693220871905
2022-12-06,714959.7482814171694
2022-12-07,1223646.403519662329
2022-12-08,1270266.63290851492251
2022-12-09,729792.2329981957271
2022-12-10,608946.722505825362
2022-12-11,669760.0677059279667
2022-12-12,1217425.8618423848505
2022-12-13,1108637.846400559181
2022-12-14,1259282.849676365848
2022-12-15,721732.402480336804
2022-12-16,822549.737614557562
2022-12-17,957338.417428824099
2022-12-18,474144.063829294521
2022-12-19,551087.924499743481
2022-12-20,1447963.76071733939
2022-12-21,472291.753451117307
2022-12-22,615034.20550200986
2022-12-23,396514.136778414756
2022-12-24,254848.075930641626
2022-12-25,296061.449611539314
2022-12-26,469755.174346702426
2022-12-27,892196.470198681486
2022-12-28,587542.223750893467
2022-12-29,581811.459918179939
2022-12-30,487333.087002400579
2022-12-31,1043538.490196823143
2023-01-01,240902.920400902471
2023-01-02,519786.213280964166
2023-01-03,431704.178618415944
2023-01-04,281921.808616119476
2023-01-05,1532454.317899175018
2023-01-06,989484.682544546701
2023-01-07,614560.906898922825
2023-01-08,298289.01987579504
2023-01-09,3017773.899216696359
2023-01-10,502456.487199877503
2023-01-11,620756.619833752675
2023-01-12,1221191.671093200961
2023-01-13,835754.764410334903
2023-01-14,1132947.991133745059
2023-01-15,815930.573622430825
2023-01-16,532069.766148073067
2023-01-17,1035154.532749337023
2023-01-18,834167.353389701897
2023-01-19,906213.209766501767
2023-01-20,1452950.175428026558
2023-01-21,1613429.328286238654
2023-01-22,1407263.465914413572
2023-01-23,3310503.396140724286
2023-01-24,825800.366344714609
2023-01-25,806948.67604464572
2023-01-26,1288511.999522834649
2023-01-27,957157.750988071982
2023-01-28,768486.031308391808
2023-01-29,1843910.286948190329
2023-01-30,1435381.896505327977
2023-01-31,1089208.899581917042
2023-02-01,1058730.12437422905
2023-02-02,989930.354180371452
2023-02-03,1231794.729664101156
2023-02-04,1101963.161785262928
2023-02-05,586410.10442697236
2023-02-06,688854.93440186739
2023-02-07,1621634.650300393488
2023-02-08,969630.841748134102
2023-02-09,855908.798929449337
2023-02-10,2314796.301454546244
2023-02-11,1585216.604120461756
2023-02-12,1594456.960009081936
2023-02-13,2152579.067536827522
2023-02-14,1670057.197242440277
2023-02-15,1922979.641257226016
2023-02-16,3302691.920673102637
2023-02-17,1602994.689253772475
2023-02-18,816200.958219944002
2023-02-19,406444.195118708215
2023-02-20,757072.592332053628
2023-02-21,598587.399301384386
2023-02-22,773123.83376561923
2023-02-23,968465.88173999034
2023-02-24,836324.623662264005
2023-02-25,680449.37693399629
2023-02-26,1319392.255145381478
2023-02-27,784702.326250750657
2023-02-28,709870.057866126432
2023-03-01,642008.581298749
2023-03-02,1162271.897138150681
2023-03-03,724874.08928754211
2023-03-04,1271982.497060641681
2023-03-05,731318.29123597536
2023-03-06,266997.052452446267
2023-03-07,513841.894242684294
2023-03-08,1130628.070782945085
2023-03-09,691323.749290726589
2023-03-10,1561906.507463115618
2023-03-11,1153793.74251474279
2023-03-12,627437.593657386774
2023-03-13,1338961.735387803718
2023-03-14,723575.261049876378
2023-03-15,668540.676199069086
2023-03-16,1000739.259900598695
2023-03-17,2900947.891937202569
2023-03-18,771628.670106465123
2023-03-19,509261.927548108077
2023-03-20,791040.687631104512
2023-03-21,627204.039989589089
2023-03-22,1870067.179021426118
2023-03-23,1439598.510464245665
2023-03-24,909863.972695332232
2023-03-25,462661.596486340342
2023-03-26,499791.564637081225
2023-03-27,1622864.905811831789
2023-03-28,498279.097393770669
2023-03-29,1283782.973424652001
2023-03-30,933719.77466926743
2023-03-31,912995.210591137955
2023-04-01,1293465.461043833043
2023-04-02,958550.73104589338
2023-04-03,1461226.472304493093
2023-04-04,1125287.639615329405
2023-04-05,601016.052669985429
2023-04-06,977830.310625056135
2023-04-07,783189.676744500895
2023-04-08,503291.231621114926
2023-04-09,566178.362107243381
2023-04-10,1794059.690931517094
2023-04-11,1266228.724160412536
2023-04-12,1289499.490212191242
2023-04-13,949074.928598066782
2023-04-14,524790.782311704843
2023-04-15,733641.215774523027
2023-04-16,448205.070103648499
2023-04-17,1186602.956973624789
2023-04-18,1591522.63863455847
2023-04-19,1634938.547349272759
2023-04-20,1096484.109527233216
2023-04-21,656565.079256677809
2023-04-22,542487.65111392586
2023-04-23,1375049.788440252669
2023-04-24,1170300.29148567725
2023-04-25,606770.882547090418
2023-04-26,1045185.32998032282
2023-04-27,710027.136834825675
2023-04-28,996132.086911859726
2023-04-29,471913.486132693656
2023-04-30,571262.717065382315
2023-05-01,1665538.886951582327
2023-05-02,1324060.567082203908
2023-05-03,557564.064143827398
2023-05-04,901212.466582114717
2023-05-05,1457035.914671197656
2023-05-06,717165.475931122468
2023-05-07,525317.429773583281
2023-05-08,1391719.127345572967
2023-05-09,1018214.31359311845
2023-05-10,733723.461138607802
2023-05-11,378672.29702518653
2023-05-12,988140.580483271683
2023-05-13,393950.815012178978
2023-05-14,343414.269209849366
2023-05-15,671651.799753447153
2023-05-16,10872679.648382891382
2023-05-17,531612.658519576553
2023-05-18,1189007.355865897797
2023-05-19,816815.92540461714
2023-05-20,666955.186959202236
2023-05-21,354624.595812241777
2023-05-22,465505.895755791536
2023-05-23,2961218.413045473252
2023-05-24,908237.521882413848
2023-05-25,656725.232980017925
2023-05-26,533615.831685995136
2023-05-27,599263.824317174107
2023-05-28,460080.899890232931
2023-05-29,661331.076128939856
2023-05-30,939085.600981726992
2023-05-31,1629453.042330341151
2023-06-01,1967013.454865330029
2023-06-02,1179042.873316809966
2023-06-03,1680832.4141185392
2023-06-04,1381417.829679084127
2023-06-05,1279506.853607963026
2023-06-06,1180127.021531210978
2023-06-07,597035.374014600471
2023-06-08,955561.545999802391
2023-06-09,1716262.580729310797
2023-06-10,1787021.962466967935
2023-06-11,912391.276473366136
2023-06-12,876165.680690187195
2023-06-13,722002.606730903029
2023-06-14,3794646.241074871245
2023-06-15,7671095.731504536218
2023-06-16,1355996.274719130984
2023-06-17,1433003.848034855107
2023-06-18,689117.485195370787
2023-06-19,877196.096428701693
2023-06-20,922569.486299885142
2023-06-21,1344607.107351258949
2023-06-22,898282.087130750714
2023-06-23,1494224.897817212586
2023-06-24,861904.202762536126
2023-06-25,612948.791691165807
2023-06-26,502877.515740597394
2023-06-27,835482.572556557689
2023-06-28,882239.740600032156
2023-06-29,812886.311009628945
2023-06-30,1239576.500712861681
2023-07-01,403978.206538639134
2023-07-02,702191.593997840073
2023-07-03,1432144.918410688431
2023-07-04,2511791.751452775944
2023-07-05,1488355.762285926754
2023-07-06,1846232.622255398408
2023-07-07,988206.612506226518
2023-07-08,392030.487490101515
2023-07-09,783573.317625957503
2023-07-10,696850.130870325363
2023-07-11,539862.64051427059
2023-07-12,988683.012589960472
2023-07-13,2440299.901261904513
2023-07-14,2261873.848556330418
2023-07-15,873597.121858966105
2023-07-16,600625.61398867591
2023-07-17,1382257.844204868124
2023-07-18,505365.649558635672
2023-07-19,2806695.701205832346
2023-07-20,531722.015527875174
2023-07-21,518234.832023999678
2023-07-22,438379.439577767647
2023-07-23,636512.420740629617
2023-07-24,1122136.137539182991
2023-07-25,744170.283183775949
2023-07-26,2088496.322204483821
2023-07-27,396344.726863162347
2023-07-28,305544.630426502183
2023-07-29,610493.233284588131
2023-07-30,525923.071183696682
2023-07-31,520620.378260787951
2023-08-01,770578.791989919043
2023-08-02,445478.097631055902
2023-08-03,502981.209307917394
2023-08-04,442700.419172141716
2023-08-05,1056129.151028836702
2023-08-06,1346750.854867463355
2023-08-07,806755.93181374672
2023-08-08,980960.821696613689
2023-08-09,1134636.88205405303
2023-08-10,323067.933684235922
2023-08-11,466328.772047034907
2023-08-12,231024.805694654756
2023-08-13,283577.278218471124
2023-08-14,2298200.719868453924
2023-08-15,2494652.301251897421
2023-08-16,1827558.591338245612
2023-08-17,1324339.121750975582
2023-08-18,793904.497419873037
2023-08-19,312963.832892350871
2023-08-20,422373.972415551615
2023-08-21,2461029.38057746173
2023-08-22,813655.773231408032
2023-08-23,532336.537630511898
2023-08-24,897832.32432652209
2023-08-25,1052035.204924642304
2023-08-26,465612.205604604904
2023-08-27,178472.931760616087
2023-08-28,584869.360320627367
2023-08-29,1764936.056807975594
2023-08-30,513616.219203361636
2023-08-31,631868.018132324404
2023-09-01,624534.836371675585
2023-09-02,308404.870544956224
2023-09-03,484108.837586846266
2023-09-04,687921.862728944774
2023-09-05,681634.172144216583
2023-09-06,1207372.49592824163
2023-09-07,1407719.0789280488
2023-09-08,1492569.125375735946
2023-09-09,326408.112813879739
2023-09-10,198772.662035161771
2023-09-11,699443.906392767963
2023-09-12,1147073.967461372468
2023-09-13,585890.363864368063
2023-09-14,718156.514255001239
2023-09-15,835517.706579586217
2023-09-16,3551176.875478523441
2023-09-17,707148.747046199061
2023-09-18,1445259.366342733358
2023-09-19,3399630.371506348104
2023-09-20,5734463.366673420425
2023-09-21,3387747.370779351861
2023-09-22,568176.904736044159
2023-09-23,616843.74089041852
2023-09-24,937191.80591297251
2023-09-25,6376144.081386277154
2023-09-26,595684.289614796058
2023-09-27,1582960.103795530901
2023-09-28,916381.804630928068
2023-09-29,705119.039914768171
2023-09-30,344718.627839324949
2023-10-01,307127.60778368377
2023-10-02,1706550.710421630279
2023-10-03,885253.014972591651
2023-10-04,437375.53267995434
2023-10-05,967933.381918677267
2023-10-06,1107390.428979573383
2023-10-07,482839.011882182511
2023-10-08,356042.524840496173
2023-10-09,671422.268435979557
2023-10-10,4431868.234405386223
2023-10-11,485093.98990789164
2023-10-12,400421.290116723242
2023-10-13,1277598.041450607986
2023-10-14,333291.863402781314
2023-10-15,135756.369477882168
2023-10-16,477030.771247166054
2023-10-17,375548.654485369631
2023-10-18,901296.274182015548
2023-10-19,951804.605725435542
2023-10-20,812879.647650896637
2023-10-21,748642.313706968942
2023-10-22,391337.910486334804
2023-10-23,1213341.184448495068
2023-10-24,2626794.121986621206
2023-10-25,1040252.556858630733
2023-10-26,982062.979585569214
2023-10-27,760833.408289238901
2023-10-28,738283.207761325726
2023-10-29,1097678.292751214857
2023-10-30,653173.297307654156
2023-10-31,864458.408499375971
2023-11-01,1055785.883556729847
2023-11-02,1243257.953707685806
2023-11-03,2101827.919377409652
2023-11-04,1187558.32046949643
2023-11-05,1202176.746168654215
2023-11-06,2483940.441595737718
2023-11-07,675805.823197854214
2023-11-08,1229589.790684283716
2023-11-09,2762789.014064380403
2023-11-10,1406665.399238462236
2023-11-11,1141625.703892402065
2023-11-12,661035.701553447296
2023-11-13,2220729.596071771385
2023-11-14,5920606.885568696618
2023-11-15,3955441.155808377305
2023-11-16,2435783.462066705995
2023-11-17,1161092.782081707236
2023-11-18,1164802.272917247537
2023-11-19,1248299.220358621469
2023-11-20,2609336.499975672593
2023-11-21,1237653.134236806689
2023-11-22,806907.360431112691
2023-11-23,3095414.621466290919
2023-11-24,1510549.666226812317
2023-11-25,763934.157723926801
2023-11-26,1011851.633016041983
2023-11-27,2017914.068389277115
2023-11-28,1734001.47316909775
2023-11-29,1453306.624420124348
2023-11-30,2594532.556339146997
2023-12-01,4042980.045108566111
2023-12-02,2068403.350234260181
2023-12-03,1856499.816941361468
2023-12-04,1338922.657785528411
2023-12-05,912934.209543681977
2023-12-06,1395778.74438288293
2023-12-07,1537165.850411042072
2023-12-08,579171.319737809425
2023-12-09,1733558.533093898554
2023-12-10,3350587.523237513
2023-12-11,1619367.30617936966
2023-12-12,823896.063306629506
2023-12-13,886096.152203734383
2023-12-14,1859133.58767216269
2023-12-15,1664726.148597091947
2023-12-16,1622782.34486283813
2023-12-17,1387763.456528406981
2023-12-18,1197492.127996425069
2023-12-19,1980715.330024622575
2023-12-20,1965054.21920416274
2023-12-21,1478484.972769242378
2023-12-22,3241169.236912471981
2023-12-23,2095656.826379703983
2023-12-24,1525460.903777961178
2023-12-25,2419370.620063300865
2023-12-26,2328977.843821067096
2023-12-27,1595909.607344220233
2023-12-28,894275.456509389451
2023-12-29,1709382.789344612884
2023-12-30,1330478.575859737305
2023-12-31,891752.923225826101
2024-01-01,1068485.487912815953
2024-01-02,872652.779266871017
2024-01-03,1572226.568620849428
2024-01-04,1331703.384479937742
2024-01-05,704942.944591534505
2024-01-06,777789.748298418172
2024-01-07,1042189.419474672638
2024-01-08,1349321.824573529814
2024-01-09,4150963.210263326436
2024-01-10,3445895.830308035307
2024-01-11,1619027.753475830801
2024-01-12,1243760.465008746496
2024-01-13,839673.138557293538
2024-01-14,1770810.934893087553
2024-01-15,1428116.476080323639
2024-01-16,897649.95019222959
2024-01-17,804473.744086267939
2024-01-18,1897975.709119719577
2024-01-19,1837695.822167146416
2024-01-20,1988038.186005600482
2024-01-21,1049665.863386189652
2024-01-22,1893123.139213557204
2024-01-23,1750253.714711489219
2024-01-24,1790927.374000348411
2024-01-25,1939664.446755577928
2024-01-26,663328.760373563735
2024-01-27,1184461.68930253108
2024-01-28,670264.300925188844
2024-01-29,1190111.869063588104
2024-01-30,4671315.850163264658
2024-01-31,5299208.436252617479
2024-02-01,1251364.805375952706
2024-02-02,1369123.107478611213
2024-02-03,892395.95225501672
2024-02-04,754996.34506815187
2024-02-05,1534244.970885866733
2024-02-06,972220.173936478087
2024-02-07,1215586.012606882792
2024-02-08,1909183.579516999861
2024-02-09,3011785.091007257014
2024-02-10,1369404.236895804465
2024-02-11,1032367.97211885074
2024-02-12,1167691.453635848882
2024-02-13,1475694.912645850008
2024-02-14,1479547.428922852732
2024-02-15,2187891.037917673945
2024-02-16,1291160.906438902752
2024-02-17,1006215.714951196199
2024-02-18,908580.240619288373
2024-02-19,1154418.091972730465
2024-02-20,1263922.811022581837
2024-02-21,1271341.373635075752
2024-02-22,924798.523187546638
2024-02-23,662974.611673627288
2024-02-24,1056749.706750312479
2024-02-25,752856.042545299133
2024-02-26,3958069.910298698279
2024-02-27,3775651.4349203816
2024-02-28,4484467.557402265027
2024-02-29,1862474.942605600551
2024-03-01,2647887.534500824803
2024-03-02,682039.742869853202
2024-03-03,1025357.429937014967
2024-03-04,1671367.879912653138
2024-03-05,1689862.473923827652
2024-03-06,1875200.658093418125
2024-03-07,1562251.55387900143
2024-03-08,972140.857993081119
2024-03-09,614026.745921844267
2024-03-10,911126.273785079053
2024-03-11,1890779.466788861811
2024-03-12,951837.61382631098
2024-03-13,1224708.688139401356
2024-03-14,1919814.356898883165
2024-03-15,3394485.302864148268
2024-03-16,1710877.737084079338
2024-03-17,1512327.635531916007
2024-03-18,1648430.429987323793
2024-03-19,1646383.763083647521
2024-03-20,2051591.094122339959
2024-03-21,2245323.516842575349
2024-03-22,3420055.338347241267
2024-03-23,726323.062284336718
2024-03-24,2926321.579100270894
2024-03-25,1755542.658773053709
2024-03-26,15064991.073954234649
2024-03-27,12963490.475257683466
2024-03-28,3899959.162410165058
2024-03-29,12792477.456056424099
2024-03-30,1147091.8359899223
2024-03-31,1785254.216791584574
2024-04-01,1886242.616724175465
2024-04-02,1572254.918932707628
2024-04-03,3127696.879004547389
2024-04-04,3084007.079563692606
2024-04-05,2458209.969623980805
2024-04-06,576908.79733909321
2024-04-07,685657.818252038226
2024-04-08,1663490.798934172827
2024-04-09,1957917.141130838103
2024-04-10,1388771.696953723848
2024-04-11,2462900.948631828244
2024-04-12,2139253.815913311126
2024-04-13,1010692.470408718186
2024-04-14,1371792.46079418471
2024-04-15,1424543.863059922423
2024-04-16,4122801.636783913965
2024-04-17,5248066.892504802558
2024-04-18,6709912.476648215338
2024-04-19,6119460.062152750336
2024-04-20,1445631.797130602739
2024-04-21,1493768.693163569203
2024-04-22,1708659.855495161388
2024-04-23,975785.511167337879
2024-04-24,934735.36305264974
2024-04-25,973288.159141299905
2024-04-26,949816.616037941993
2024-04-27,589725.104593015475
2024-04-28,1560298.295750855291
2024-04-29,1895414.000607653348
2024-04-30,1395432.204330219697
2024-05-01,1976584.1493969605
2024-05-02,2168827.907253290156
2024-05-03,1441869.63118059316
2024-05-04,461956.054237531533
2024-05-05,1313159.804187765395
2024-05-06,2108740.025785195107
2024-05-07,2357582.359190785965
2024-05-08,1319107.217729027472
2024-05-09,569023.58771497737
2024-05-10,531982.661492867908
2024-05-11,462375.374829087809
2024-05-12,866545.903771187078
2024-05-13,746874.547645749525
2024-05-14,1434611.82794614915
2024-05-15,888866.447801368462
2024-05-16,797070.056731069272
2024-05-17,1290565.935654416761
2024-05-18,650836.929938131583
2024-05-19,730218.268185660435
2024-05-20,2343521.697899907701
2024-05-21,3742751.180505127437
2024-05-22,910641.781166032211
2024-05-23,4033794.482490217013
2024-05-24,1261531.570426345823
2024-05-25,1306079.613463954975
2024-05-26,1567332.526363663301
2024-05-27,1073945.074269753621
2024-05-28,974743.362372845265
2024-05-29,786592.762360695519
2024-05-30,1349950.462342719877
2024-05-31,892472.729820664613
2024-06-01,668574.530355631347
2024-06-02,691119.487012058873
2024-06-03,1001106.573580498568
2024-06-04,3993485.106353861327
2024-06-05,3731322.427060863282
2024-06-06,2866418.300184262237
2024-06-07,1496766.395909392896
2024-06-08,1881693.259648326675
2024-06-09,3339181.325583539644
2024-06-10,2677080.470455735917
2024-06-11,3861621.599127939468
2024-06-12,2685588.884704624966
2024-06-13,1267155.099336685709
2024-06-14,2496547.614663863215
2024-06-15,1091435.708394704335
2024-06-16,530583.453625006167
2024-06-17,1527941.187371307706
2024-06-18,1314319.628356619108
2024-06-19,1724398.64753163182
2024-06-20,1841896.73184490674
2024-06-21,843011.841015834591
2024-06-22,5042490.576241831175
2024-06-23,664078.133389076635
2024-06-24,1863495.755691272558
2024-06-25,985684.368159668872
2024-06-26,813043.872549221694
2024-06-27,2002642.457321021544
2024-06-28,1418073.743670745997
2024-06-29,1459437.421608260723
2024-06-30,1369171.797513127774
2024-07-01,1490667.961583794076
2024-07-02,1646322.897689154027
2024-07-03,2463290.413140610799
2024-07-04,2382622.176493963952
2024-07-05,2583746.021004394777
2024-07-06,1151932.104444244015
2024-07-07,608114.007067516843
2024-07-08,1643151.206678382453
2024-07-09,1693351.415931467985
2024-07-10,1347758.844984089308
2024-07-11,1581188.271933270105
2024-07-12,903557.726911678558
2024-07-13,631057.858632170598
2024-07-14,1999569.663772559354
2024-07-15,2307106.167552168585
2024-07-16,1808620.095432038463
2024-07-17,1271726.646701720604
2024-07-18,4563999.200537851262
2024-07-19,3558006.808243200003
2024-07-20,3072284.142559027244
2024-07-21,2273709.657193010274
2024-07-22,4537957.052001849125
2024-07-23,1395741.876226787526
2024-07-24,2702724.667992772972
2024-07-25,1376856.98044234122
2024-07-26,1171994.006902028274
2024-07-27,1074375.1642538301
2024-07-28,918700.690727546156
2024-07-29,1814903.095323414374
2024-07-30,6001526.371495026762
2024-07-31,12343863.683595946025
2024-08-01,8632068.949795949262
2024-08-02,3318146.100587240743
2024-08-03,3869767.205252751363
2024-08-04,6654382.109979829928
2024-08-05,7458851.788761896021
2024-08-06,2137572.878780226965
2024-08-07,7186269.73876347431
2024-08-08,4187523.08257482693
2024-08-09,5636244.87423350822
2024-08-10,3613335.596083058069
2024-08-11,3550325.818461251677
2024-08-12,3424388.549744847355
2024-08-13,3450213.515167633101
2024-08-14,6813185.951429196486
2024-08-15,3652388.784684171442
2024-08-16,3024513.983194635365
2024-08-17,877039.713383536196
2024-08-18,1395337.301399433351
2024-08-19,2378552.571044951612
2024-08-20,3029904.660657691745
2024-08-21,8002152.139325322224
2024-08-22,3407089.426814673838
2024-08-23,3436938.762701960058
2024-08-24,1713195.978903935916
2024-08-25,2403123.926803258975
2024-08-26,3078480.768770522585
2024-08-27,1712191.926906896211
2024-08-28,3580965.36384260553
2024-08-29,4420403.720929305403
2024-08-30,2939604.797309455123
2024-08-31,429166.591365111391
2024-09-01,809559.051413009135
2024-09-02,2256329.606666681207
2024-09-03,1589546.667832070578
2024-09-04,2130501.015508463755
2024-09-05,1898969.922973063977
2024-09-06,792750.946374206944
2024-09-07,4068785.928550365512
2024-09-08,1561525.457291247475
2024-09-09,1765780.060251652958
2024-09-10,2729847.55864451844
2024-09-11,2387442.623044487506
2024-09-12,2692365.717923790748
2024-09-13,4800113.866895314953
2024-09-14,1201700.911672856582
2024-09-15,1437372.236077527359
2024-09-16,2536861.57770939305
2024-09-17,2723523.659013466944
2024-09-18,3036917.269431318427
2024-09-19,1842902.688911098125
2024-09-20,3193962.572667008663
2024-09-21,4081954.77496880427
2024-09-22,664705.136918647412
2024-09-23,3769128.080004285351
2024-09-24,7351261.813791696305
2024-09-25,2190598.689749735897
2024-09-26,2065265.969412279877
2024-09-27,3964336.069920055345
2024-09-28,2547522.014362872913
2024-09-29,1810436.399418599235
2024-09-30,2320721.158116621225
2024-10-01,3217706.592363509718